text,category,predicted_intent,confidence,needs_human_review,correct,top_1_intent,top_1_score,top_2_intent,top_2_score,top_3_intent,top_3_score
I tried activating my bill of fare and it didn't workplace,activate_my_card,apple_pay_or_google_pay,0.09143785,True,False,apple_pay_or_google_pay,0.09143785,activate_my_card,0.06838417,card_not_working,0.058628764
Can I use my card anywere?,card_acceptance,card_not_working,0.13342968,True,False,card_not_working,0.13342968,card_acceptance,0.13275678,activate_my_card,0.09134732
Is a copy of the police report necessary for completing the report process?,lost_or_stolen_card,verify_my_identity,0.13455977,True,False,verify_my_identity,0.13455977,why_verify_identity,0.08696505,top_up_by_bank_transfer_charge,0.08050745
Where is the money I topped off with?,pending_top_up,verify_source_of_funds,0.1406516,True,False,verify_source_of_funds,0.1406516,wrong_amount_of_cash_received,0.12451324,topping_up_by_card,0.11475857
How do I cancel my card? There are charges on my account that I didn't make.,cash_withdrawal_not_recognised,direct_debit_payment_not_recognised,0.16175276,True,False,direct_debit_payment_not_recognised,0.16175276,card_payment_not_recognised,0.15824199,card_payment_fee_charged,0.12336138
Can I freeze my card right now?,compromised_card,card_not_working,0.1658121,True,False,card_not_working,0.1658121,lost_or_stolen_card,0.14280693,card_delivery_estimate,0.13884899
What are your policies for card transfers?,failed_transfer,card_acceptance,0.1843022,True,False,card_acceptance,0.1843022,beneficiary_not_allowed,0.11877917,getting_spare_card,0.0654991
where is theft-top option?,automatic_top_up,lost_or_stolen_phone,0.18623245,True,False,lost_or_stolen_phone,0.18623245,topping_up_by_card,0.08258199,automatic_top_up,0.08135517
My account was charged for a withdraw I tried to make that was decline.,pending_cash_withdrawal,declined_cash_withdrawal,0.18760765,True,False,declined_cash_withdrawal,0.18760765,cash_withdrawal_not_recognised,0.14367883,pending_cash_withdrawal,0.118162364
I put money into my account for the minimum balance but the application didn't accept.,top_up_reverted,wrong_amount_of_cash_received,0.19156945,True,False,wrong_amount_of_cash_received,0.19156945,top_up_failed,0.13532136,balance_not_updated_after_cheque_or_cash_deposit,0.13451493
Good morning. I tried to make a purchase with my credit card last night and again this morning. Both times it was declined. Can you investigate?,declined_transfer,declined_card_payment,0.2006304,True,False,declined_card_payment,0.2006304,declined_transfer,0.19343795,reverted_card_payment?,0.12265689
"I tried to take money from my card, but it didn't work. Later I saw that the transaction is still in progress. What's goign on?",pending_cash_withdrawal,cash_withdrawal_not_recognised,0.2058137,True,False,cash_withdrawal_not_recognised,0.2058137,reverted_card_payment?,0.1407661,pending_cash_withdrawal,0.08934725
How do I do an international transfer?,transfer_into_account,receiving_money,0.20688754,True,False,receiving_money,0.20688754,exchange_rate,0.0969558,transfer_timing,0.094135396
Is it a good time to exchange?,exchange_rate,transfer_not_received_by_recipient,0.20969628,True,False,transfer_not_received_by_recipient,0.20969628,card_delivery_estimate,0.18377843,exchange_rate,0.119000606
I think my child used my card while I wasn't home.,compromised_card,age_limit,0.2112561,True,False,age_limit,0.2112561,compromised_card,0.10866099,lost_or_stolen_card,0.09090254
The NFC payment wouldn't work on the bus today. Help?,contactless_not_working,declined_card_payment,0.21345702,True,False,declined_card_payment,0.21345702,apple_pay_or_google_pay,0.14244466,card_not_working,0.12264938
Can i get a throw away card,get_disposable_virtual_card,getting_spare_card,0.21643342,True,False,getting_spare_card,0.21643342,order_physical_card,0.12890054,card_about_to_expire,0.08276095
How do i finalize a card payment,pending_card_payment,supported_cards_and_currencies,0.22953412,True,False,supported_cards_and_currencies,0.22953412,pending_card_payment,0.10298419,reverted_card_payment?,0.08935187
how come i can't find anywhere to load using cash,top_up_by_cash_or_cheque,balance_not_updated_after_cheque_or_cash_deposit,0.23410493,True,False,balance_not_updated_after_cheque_or_cash_deposit,0.23410493,declined_cash_withdrawal,0.2022088,top_up_by_cash_or_cheque,0.13653846
"i know i entered the right info, but my top up isn't in my balance",topping_up_by_card,top_up_reverted,0.23564716,True,False,top_up_reverted,0.23564716,top_up_failed,0.21069686,topping_up_by_card,0.20903818
I was charged on my account that shouldn't be there.,direct_debit_payment_not_recognised,card_payment_not_recognised,0.23714669,True,False,card_payment_not_recognised,0.23714669,extra_charge_on_statement,0.21432193,card_payment_fee_charged,0.08735949
I was taking out funds and was unable to regain my card.,card_swallowed,cash_withdrawal_not_recognised,0.23832242,True,False,cash_withdrawal_not_recognised,0.23832242,top_up_failed,0.122258,declined_cash_withdrawal,0.09644557
Should i reinstall the payment app?,contactless_not_working,reverted_card_payment?,0.2463887,True,False,reverted_card_payment?,0.2463887,contactless_not_working,0.23244725,card_payment_not_recognised,0.101175286
Why is my transfer not done yet?,pending_transfer,balance_not_updated_after_bank_transfer,0.25196123,True,False,balance_not_updated_after_bank_transfer,0.25196123,transfer_not_received_by_recipient,0.21250708,pending_transfer,0.19695006
I want to order another crad,getting_spare_card,request_refund,0.25392738,True,False,request_refund,0.25392738,getting_spare_card,0.18059821,order_physical_card,0.10406054
Trouble transferring transaction contact for help,declined_transfer,transfer_not_received_by_recipient,0.25709474,True,False,transfer_not_received_by_recipient,0.25709474,failed_transfer,0.25627992,beneficiary_not_allowed,0.12311377
"Hello, I am facing the issue with my new card as payments are declining again and again. Please help me in this issue.",declined_card_payment,reverted_card_payment?,0.25803524,True,False,reverted_card_payment?,0.25803524,declined_card_payment,0.2575436,transaction_charged_twice,0.07386281
How do I retrieve my card from the machine?,card_swallowed,card_linking,0.25949964,True,False,card_linking,0.25949964,lost_or_stolen_card,0.20945193,card_swallowed,0.15920965
What extra charges are there?,transfer_fee_charged,card_payment_fee_charged,0.26110455,True,False,card_payment_fee_charged,0.26110455,extra_charge_on_statement,0.21060827,getting_spare_card,0.09451354
Can I get my card expedited?,card_delivery_estimate,card_about_to_expire,0.26157004,True,False,card_about_to_expire,0.26157004,card_delivery_estimate,0.21250765,card_arrival,0.1691494
what is the charges for new card?,contactless_not_working,order_physical_card,0.26234597,True,False,order_physical_card,0.26234597,card_payment_fee_charged,0.18916328,getting_spare_card,0.16096337
Where's accounting for my cash withdrawal?,pending_cash_withdrawal,cash_withdrawal_charge,0.26511842,True,False,cash_withdrawal_charge,0.26511842,pending_cash_withdrawal,0.2311221,cash_withdrawal_not_recognised,0.21564624
im not sure what this charge is for,card_payment_fee_charged,direct_debit_payment_not_recognised,0.26713637,True,False,direct_debit_payment_not_recognised,0.26713637,extra_charge_on_statement,0.1987792,card_payment_not_recognised,0.15046734
What can I use my card to pay for?,card_acceptance,supported_cards_and_currencies,0.26749444,True,False,supported_cards_and_currencies,0.26749444,card_acceptance,0.19220845,card_payment_fee_charged,0.15903452
Where is my transfer from [country]?,balance_not_updated_after_bank_transfer,transfer_not_received_by_recipient,0.2684105,True,False,transfer_not_received_by_recipient,0.2684105,transfer_timing,0.18957444,balance_not_updated_after_bank_transfer,0.18904725
My withdrawal was cancelled.,declined_cash_withdrawal,top_up_reverted,0.26905558,True,False,top_up_reverted,0.26905558,declined_cash_withdrawal,0.2379503,pending_cash_withdrawal,0.1264452
Why am I being charged more ?,card_payment_wrong_exchange_rate,transaction_charged_twice,0.26993322,True,False,transaction_charged_twice,0.26993322,card_payment_fee_charged,0.24621673,transfer_fee_charged,0.21664822
"I attempted to use my card while I was intoxicated, and I failed to input my PIN, and the machine kept my card. How soon can I have it back?",pin_blocked,card_not_working,0.27215117,True,False,card_not_working,0.27215117,pin_blocked,0.20811397,card_swallowed,0.12548071
Why did I not get my cash back after I withdrew?,wrong_amount_of_cash_received,declined_cash_withdrawal,0.27324668,True,False,declined_cash_withdrawal,0.27324668,wrong_amount_of_cash_received,0.19684908,cash_withdrawal_charge,0.19014475
Do you offer additional currency options?,fiat_currency_support,supported_cards_and_currencies,0.27358437,True,False,supported_cards_and_currencies,0.27358437,exchange_via_app,0.20738572,exchange_charge,0.19483237
How do I freeze my card using the app?,compromised_card,card_not_working,0.27384064,True,False,card_not_working,0.27384064,card_linking,0.1560695,cash_withdrawal_not_recognised,0.06910094
I was charged for something I didn't expect,transfer_fee_charged,card_payment_fee_charged,0.2745417,True,False,card_payment_fee_charged,0.2745417,transfer_fee_charged,0.16399421,extra_charge_on_statement,0.13858987
I need to find out why my transfer didn't get there.,transfer_not_received_by_recipient,failed_transfer,0.2753913,True,False,failed_transfer,0.2753913,transfer_not_received_by_recipient,0.22516236,balance_not_updated_after_bank_transfer,0.22053595
I want this amount reversed out of my account.,request_refund,cancel_transfer,0.27660805,True,False,cancel_transfer,0.27660805,wrong_amount_of_cash_received,0.18798444,request_refund,0.08984453
I transferred some money but the recipient is having trouble withdrawing.,transfer_not_received_by_recipient,beneficiary_not_allowed,0.2801671,True,False,beneficiary_not_allowed,0.2801671,wrong_exchange_rate_for_cash_withdrawal,0.12957853,transfer_not_received_by_recipient,0.11439034
Can I add funds to the card directly from my bank account?,transfer_into_account,supported_cards_and_currencies,0.28846383,True,False,supported_cards_and_currencies,0.28846383,top_up_by_card_charge,0.17988047,transfer_into_account,0.15045923
Why hasn't my transfer gone through yet?,pending_transfer,transfer_not_received_by_recipient,0.2897364,True,False,transfer_not_received_by_recipient,0.2897364,failed_transfer,0.20600083,balance_not_updated_after_bank_transfer,0.17295161
Is it okay to use a bank card to top up,top_up_by_card_charge,supported_cards_and_currencies,0.29051453,True,False,supported_cards_and_currencies,0.29051453,top_up_by_card_charge,0.21342516,topping_up_by_card,0.18242407
Freeze my account it's been hacked.,compromised_card,terminate_account,0.29093194,True,False,terminate_account,0.29093194,compromised_card,0.28929558,passcode_forgotten,0.104640014
How long do transfer pend for?,pending_transfer,transfer_timing,0.29657623,True,False,transfer_timing,0.29657623,pending_transfer,0.2810376,balance_not_updated_after_bank_transfer,0.25521076
How long for money transfer to show?,pending_transfer,balance_not_updated_after_bank_transfer,0.29705155,True,False,balance_not_updated_after_bank_transfer,0.29705155,pending_transfer,0.28998044,transfer_timing,0.26968434
Can you tell me if my pop-up went through?,top_up_failed,pending_top_up,0.3024916,True,False,pending_top_up,0.3024916,top_up_failed,0.18906665,passcode_forgotten,0.07428661
What us the fee to transfer money from my bank?,top_up_by_bank_transfer_charge,transfer_fee_charged,0.30641997,True,False,transfer_fee_charged,0.30641997,top_up_by_bank_transfer_charge,0.28464884,exchange_charge,0.08854954
So I just put my top-up into the card and it hasn't changed.,pending_top_up,topping_up_by_card,0.30683863,True,False,topping_up_by_card,0.30683863,top_up_failed,0.21833923,verify_top_up,0.11854461
"I was attempting to purchase a golf club off eBay yesterday, but my credit card was declined. I tried multiple times, and again this morning. Can you check into my card please?",declined_transfer,declined_card_payment,0.3081336,True,False,declined_card_payment,0.3081336,declined_transfer,0.16418134,declined_cash_withdrawal,0.10556947
Can I use app to freeze my card and dispute fraud?,compromised_card,cash_withdrawal_not_recognised,0.31156108,True,False,cash_withdrawal_not_recognised,0.31156108,compromised_card,0.20847271,card_payment_not_recognised,0.15201928
How can someone add money to my account?,topping_up_by_card,transfer_into_account,0.31238908,True,False,transfer_into_account,0.31238908,topping_up_by_card,0.17585859,top_up_by_cash_or_cheque,0.124523565
Double check your funds may be declined,declined_transfer,transaction_charged_twice,0.31770706,True,False,transaction_charged_twice,0.31770706,declined_cash_withdrawal,0.16120045,declined_transfer,0.07166888
Why can't I see the top-up amount I just added to my account?,topping_up_by_card,top_up_reverted,0.31828102,True,False,top_up_reverted,0.31828102,pending_top_up,0.27008873,topping_up_by_card,0.2373938
Someone has taken my money and I don't know who,direct_debit_payment_not_recognised,cash_withdrawal_not_recognised,0.31923822,True,False,cash_withdrawal_not_recognised,0.31923822,verify_source_of_funds,0.20696208,card_payment_not_recognised,0.15574892
Can you tell me what the transfer policy is?,top_up_by_bank_transfer_charge,beneficiary_not_allowed,0.3227838,True,False,beneficiary_not_allowed,0.3227838,transfer_fee_charged,0.13463809,transfer_timing,0.08792228
I got a message that I need to verify my identity; what do I do?,verify_my_identity,unable_to_verify_identity,0.3228079,True,False,unable_to_verify_identity,0.3228079,verify_my_identity,0.31809375,why_verify_identity,0.26726672
How do I contact customer support about a transfer?,declined_transfer,transfer_not_received_by_recipient,0.33371708,True,False,transfer_not_received_by_recipient,0.33371708,transfer_fee_charged,0.14400953,declined_transfer,0.12588166
"There is an incoming payment into my account, but it is deactivated. Will they still be processed?",fiat_currency_support,pending_cash_withdrawal,0.33493608,True,False,pending_cash_withdrawal,0.33493608,pending_card_payment,0.25899756,reverted_card_payment?,0.22401804
I was retrieving money and my card wouldn't remove.,card_swallowed,cash_withdrawal_not_recognised,0.3460666,True,False,cash_withdrawal_not_recognised,0.3460666,card_swallowed,0.17172694,lost_or_stolen_card,0.06362787
Can I make multiple online transactions with my virtual card?,virtual_card_not_working,disposable_card_limits,0.3462014,True,False,disposable_card_limits,0.3462014,get_disposable_virtual_card,0.14889382,virtual_card_not_working,0.10305526
"How can I fix my card, it got declined twice.",declined_transfer,declined_card_payment,0.3492234,True,False,declined_card_payment,0.3492234,card_not_working,0.27871034,transaction_charged_twice,0.09168569
Can you freeze my account?  I just saw there are transactions on my account that I don't recognize.  How can I fix this?,card_payment_not_recognised,compromised_card,0.3505448,True,False,compromised_card,0.3505448,card_payment_not_recognised,0.23729455,terminate_account,0.0542532
My payments from my virtual card keep getting rejected.,virtual_card_not_working,declined_card_payment,0.35149235,True,False,declined_card_payment,0.35149235,virtual_card_not_working,0.24832895,reverted_card_payment?,0.19392802
Why has my payment not gone through?,pending_card_payment,reverted_card_payment?,0.35274532,True,False,reverted_card_payment?,0.35274532,pending_card_payment,0.2882349,declined_card_payment,0.27897254
I tryed to make a top-up with cryptocurrency but the payment was referted.,top_up_reverted,card_payment_not_recognised,0.35582292,True,False,card_payment_not_recognised,0.35582292,supported_cards_and_currencies,0.111479856,reverted_card_payment?,0.06094738
I am concerned about the security in my account and would like to make a dispute.,direct_debit_payment_not_recognised,why_verify_identity,0.3564561,True,False,why_verify_identity,0.3564561,compromised_card,0.1395743,verify_my_identity,0.08893332
Nothing goes through on my card.,card_not_working,declined_card_payment,0.36239624,True,False,declined_card_payment,0.36239624,card_not_working,0.2818645,top_up_failed,0.042630736
I have a top up that didn't go through.  Why?,top_up_failed,top_up_reverted,0.36265093,True,False,top_up_reverted,0.36265093,pending_top_up,0.33397567,top_up_failed,0.2839731
Am I allowed to use any card to make a payment?,visa_or_mastercard,supported_cards_and_currencies,0.364218,True,False,supported_cards_and_currencies,0.364218,card_acceptance,0.24385384,declined_card_payment,0.075420454
"OMG!  I'm trying to load my card and it wont top up!  I desperately need the money either on my card or in my bank, where is it?",pending_top_up,topping_up_by_card,0.36682668,True,False,topping_up_by_card,0.36682668,pending_top_up,0.09740796,top_up_failed,0.09387471
There are some strange charges on my card that I didn't make from a few days ago.  Is my card stolen and if so should I cancel it?  Will I get refunded the charges?,card_payment_not_recognised,compromised_card,0.36693016,True,False,compromised_card,0.36693016,card_payment_not_recognised,0.24788013,lost_or_stolen_card,0.083634816
When will the transfer be completed?,pending_transfer,transfer_not_received_by_recipient,0.36853653,True,False,transfer_not_received_by_recipient,0.36853653,pending_transfer,0.356087,transfer_timing,0.1517928
WHAT CAN I DO AFTER THE CARD MISSING,activate_my_card,lost_or_stolen_card,0.37207866,True,False,lost_or_stolen_card,0.37207866,card_not_working,0.19600569,card_linking,0.112488344
Do these virtual cards have any caps on using them?,disposable_card_limits,getting_virtual_card,0.3730308,True,False,getting_virtual_card,0.3730308,get_disposable_virtual_card,0.17783944,supported_cards_and_currencies,0.05767864
I have a cryptocurrency exchange that won't go through. Please help me process it.,beneficiary_not_allowed,exchange_via_app,0.37401274,True,False,exchange_via_app,0.37401274,beneficiary_not_allowed,0.1222588,fiat_currency_support,0.11835781
"I have been waiting longer than expected for my bank card, could you provide information on when it will arrive?",card_arrival,card_delivery_estimate,0.3854526,True,False,card_delivery_estimate,0.3854526,card_arrival,0.35886374,pending_card_payment,0.07938812
Can I transfer money to a beneficiery?,beneficiary_not_allowed,receiving_money,0.3938491,True,False,receiving_money,0.3938491,beneficiary_not_allowed,0.21008731,transfer_into_account,0.13687243
What are the available cards?,visa_or_mastercard,getting_spare_card,0.39731976,True,False,getting_spare_card,0.39731976,order_physical_card,0.19054158,visa_or_mastercard,0.1478295
"When I got cash, I'm pretty sure there was a glitch that overcharged me.",cash_withdrawal_charge,wrong_amount_of_cash_received,0.39921367,True,False,wrong_amount_of_cash_received,0.39921367,wrong_exchange_rate_for_cash_withdrawal,0.16656953,cash_withdrawal_charge,0.08999112
WTF??? I tried to withdraw some money at a Metro bank on High St. Kensington and without any notice it disappeared in the machine. The bank was already closed so I couldn't do anything. How do I get it back?,card_swallowed,cash_withdrawal_not_recognised,0.39922357,True,False,cash_withdrawal_not_recognised,0.39922357,pending_cash_withdrawal,0.103743315,card_swallowed,0.09041648
I think my statement has a fraudulent charge,card_payment_not_recognised,direct_debit_payment_not_recognised,0.40027303,True,False,direct_debit_payment_not_recognised,0.40027303,card_payment_not_recognised,0.21515983,compromised_card,0.09198722
The transfer is coming up as pending the payment is due today. Will I be charged a fee?,pending_transfer,transfer_fee_charged,0.40086788,True,False,transfer_fee_charged,0.40086788,top_up_by_bank_transfer_charge,0.180466,pending_transfer,0.16173096
"I am traveling to Germany, Will I be able to use my card there?",card_acceptance,country_support,0.4012604,True,False,country_support,0.4012604,card_acceptance,0.36056757,card_linking,0.029273072
My card is being declined online. Could you tell me what might be broken or wrong with the account?,declined_transfer,declined_card_payment,0.40267575,True,False,declined_card_payment,0.40267575,declined_transfer,0.21657671,card_not_working,0.12635417
"I didn't get cash from an ATM, but the app says I did",cash_withdrawal_not_recognised,wrong_amount_of_cash_received,0.4030443,True,False,wrong_amount_of_cash_received,0.4030443,cash_withdrawal_not_recognised,0.34402806,declined_cash_withdrawal,0.12159073
I have tried transferring money numerous times.  All I keep getting is an error message.  Can you tell me what is going on and how this van be fixed?,beneficiary_not_allowed,failed_transfer,0.40390736,True,False,failed_transfer,0.40390736,beneficiary_not_allowed,0.397175,declined_transfer,0.08308964
Why is my top-up still outstanding?,pending_top_up,top_up_reverted,0.4043914,True,False,top_up_reverted,0.4043914,pending_top_up,0.37501848,top_up_failed,0.13784276
Can i get a single use virtual card,get_disposable_virtual_card,getting_virtual_card,0.40513712,True,False,getting_virtual_card,0.40513712,get_disposable_virtual_card,0.3323612,disposable_card_limits,0.095214725
I made a currency exchange and think I was charged more than I should of been.,card_payment_wrong_exchange_rate,wrong_exchange_rate_for_cash_withdrawal,0.40574792,True,False,wrong_exchange_rate_for_cash_withdrawal,0.40574792,card_payment_wrong_exchange_rate,0.35463396,exchange_charge,0.083106555
I have completed a transfer but it is not showing up.,balance_not_updated_after_bank_transfer,transfer_not_received_by_recipient,0.40677953,True,False,transfer_not_received_by_recipient,0.40677953,balance_not_updated_after_bank_transfer,0.39435676,pending_transfer,0.15089612
i was charged when i used a us issued card. why and what cards are free to use to add money,top_up_by_card_charge,card_payment_fee_charged,0.4072106,True,False,card_payment_fee_charged,0.4072106,top_up_by_card_charge,0.39095533,supported_cards_and_currencies,0.06196469
Is there a way my new card can be renewed?,activate_my_card,card_about_to_expire,0.4072647,True,False,card_about_to_expire,0.4072647,activate_my_card,0.17556977,getting_spare_card,0.14123918
The card got declined twice when I tried to use it to buy something online yesterday.,declined_transfer,declined_card_payment,0.40986168,True,False,declined_card_payment,0.40986168,declined_transfer,0.20135012,reverted_card_payment?,0.06511822
There is a fraudulent charge on my statement.,card_payment_not_recognised,direct_debit_payment_not_recognised,0.42102724,True,False,direct_debit_payment_not_recognised,0.42102724,card_payment_not_recognised,0.19060917,extra_charge_on_statement,0.10084912
I made an out of country transfer and it hasn't went through yet.,balance_not_updated_after_bank_transfer,transfer_not_received_by_recipient,0.42140746,True,False,transfer_not_received_by_recipient,0.42140746,balance_not_updated_after_bank_transfer,0.1807024,pending_transfer,0.08420777
How do I locate my card?,card_arrival,lost_or_stolen_card,0.42157212,True,False,lost_or_stolen_card,0.42157212,card_linking,0.2232802,card_arrival,0.15313426
On my last transaction it seem that my top-up was not successful.,top_up_reverted,top_up_failed,0.4222933,True,False,top_up_failed,0.4222933,top_up_reverted,0.33063653,pending_top_up,0.18995562
I am getting continuous failure for all my transfers. I have cross checked each recipient detail again and again and everything is correct.,declined_transfer,failed_transfer,0.4250355,True,False,failed_transfer,0.4250355,declined_transfer,0.25060195,beneficiary_not_allowed,0.15470842
"It's been two weeks, why has the transaction for $1.00 not been reversed?",extra_charge_on_statement,reverted_card_payment?,0.42529652,True,False,reverted_card_payment?,0.42529652,extra_charge_on_statement,0.120016806,transfer_not_received_by_recipient,0.10305509
When will the transfer go through?,pending_transfer,transfer_timing,0.42796445,True,False,transfer_timing,0.42796445,transfer_not_received_by_recipient,0.26255205,pending_transfer,0.15672937
Can I get cash with this card anywhere?,atm_support,card_acceptance,0.43063328,False,False,card_acceptance,0.43063328,atm_support,0.2510403,order_physical_card,0.08519606
How do I use my new card?,activate_my_card,card_linking,0.44235706,False,False,card_linking,0.44235706,activate_my_card,0.38785627,card_not_working,0.016305136
I transferred some money but the receiver can't pick it up for some reason.,transfer_not_received_by_recipient,transfer_fee_charged,0.44319215,False,False,transfer_fee_charged,0.44319215,transfer_not_received_by_recipient,0.20412108,failed_transfer,0.08145023
Why is a money transfer not showing?,pending_transfer,transfer_not_received_by_recipient,0.44339252,False,False,transfer_not_received_by_recipient,0.44339252,balance_not_updated_after_bank_transfer,0.33522448,pending_transfer,0.15139401
Where did this fee come from?,extra_charge_on_statement,card_payment_fee_charged,0.44617194,False,False,card_payment_fee_charged,0.44617194,transfer_fee_charged,0.22445838,extra_charge_on_statement,0.15359052
someone stole my money,direct_debit_payment_not_recognised,cash_withdrawal_not_recognised,0.44670838,False,False,cash_withdrawal_not_recognised,0.44670838,lost_or_stolen_phone,0.11983734,card_payment_not_recognised,0.060810667
Why don't I have my transfer?,balance_not_updated_after_bank_transfer,failed_transfer,0.45366383,False,False,failed_transfer,0.45366383,balance_not_updated_after_bank_transfer,0.14473028,transfer_not_received_by_recipient,0.10174649
I have paid money into my account but it doesn't show.,balance_not_updated_after_cheque_or_cash_deposit,balance_not_updated_after_bank_transfer,0.45451108,False,False,balance_not_updated_after_bank_transfer,0.45451108,balance_not_updated_after_cheque_or_cash_deposit,0.10791524,transfer_not_received_by_recipient,0.097998396
Can I use app to freeze account and dispute fraud?,compromised_card,cash_withdrawal_not_recognised,0.45866117,False,False,cash_withdrawal_not_recognised,0.45866117,direct_debit_payment_not_recognised,0.1035047,compromised_card,0.08324577
What is the need to verify my identity?,why_verify_identity,verify_my_identity,0.46372065,False,False,verify_my_identity,0.46372065,why_verify_identity,0.42460772,unable_to_verify_identity,0.10427542
"If I want to exchange currency, will there be extras?",exchange_charge,exchange_via_app,0.46743056,False,False,exchange_via_app,0.46743056,exchange_charge,0.33881214,fiat_currency_support,0.06343679
do the details of my profile have to match my documents,verify_my_identity,why_verify_identity,0.4727032,False,False,why_verify_identity,0.4727032,edit_personal_details,0.22008447,verify_my_identity,0.18162
Is it possible for me to get money out in a different currency?,receiving_money,exchange_via_app,0.47283247,False,False,exchange_via_app,0.47283247,receiving_money,0.19630225,wrong_exchange_rate_for_cash_withdrawal,0.14621589
"I really need money from my card today, but my card is getting declined. Please help!!",top_up_failed,declined_card_payment,0.47327942,False,False,declined_card_payment,0.47327942,declined_cash_withdrawal,0.13551667,top_up_failed,0.104192846
I would like a temporary virtual card,get_disposable_virtual_card,getting_virtual_card,0.4845613,False,False,getting_virtual_card,0.4845613,get_disposable_virtual_card,0.44464698,disposable_card_limits,0.017289747
I do not have what is required to prove my identity,unable_to_verify_identity,verify_my_identity,0.48644635,False,False,verify_my_identity,0.48644635,unable_to_verify_identity,0.36522764,why_verify_identity,0.121829994
When will my transfer go through?,pending_transfer,transfer_timing,0.4868642,False,False,transfer_timing,0.4868642,pending_transfer,0.15471819,transfer_not_received_by_recipient,0.144604
Are there any hindrances to using a disposable virtual card?,disposable_card_limits,get_disposable_virtual_card,0.49000007,False,False,get_disposable_virtual_card,0.49000007,disposable_card_limits,0.414683,virtual_card_not_working,0.07414287
Can you help with a transfer to an account,beneficiary_not_allowed,transfer_into_account,0.49113554,False,False,transfer_into_account,0.49113554,beneficiary_not_allowed,0.11000689,failed_transfer,0.06338037
I bought something and returned it and the money from the return isn't in my account.,Refund_not_showing_up,reverted_card_payment?,0.49192408,False,False,reverted_card_payment?,0.49192408,Refund_not_showing_up,0.26428106,request_refund,0.08403165
I had a transfer blocked,beneficiary_not_allowed,failed_transfer,0.4941852,False,False,failed_transfer,0.4941852,beneficiary_not_allowed,0.17653674,declined_transfer,0.07486761
how long do money transfers take?,transfer_not_received_by_recipient,transfer_timing,0.49988624,False,False,transfer_timing,0.49988624,balance_not_updated_after_bank_transfer,0.19343813,pending_transfer,0.14378393
Can I be topped up once I hit a certain balance?,automatic_top_up,top_up_limits,0.5037933,False,False,top_up_limits,0.5037933,automatic_top_up,0.24381551,topping_up_by_card,0.060037635
Which forms of currency are accepted?,supported_cards_and_currencies,fiat_currency_support,0.50708747,False,False,fiat_currency_support,0.50708747,supported_cards_and_currencies,0.3749455,exchange_via_app,0.035627395
Is GBP a supported currency?,receiving_money,exchange_via_app,0.5152971,False,False,exchange_via_app,0.5152971,receiving_money,0.24059719,fiat_currency_support,0.10080247
Why did I get a fee?,cash_withdrawal_charge,card_payment_fee_charged,0.51831883,False,False,card_payment_fee_charged,0.51831883,cash_withdrawal_charge,0.22523515,transfer_fee_charged,0.16596098
How can I check the exchange rate applied to my transaction?,card_payment_wrong_exchange_rate,exchange_rate,0.5192165,False,False,exchange_rate,0.5192165,wrong_exchange_rate_for_cash_withdrawal,0.24597785,card_payment_wrong_exchange_rate,0.12420986
I would like a refund on the extra pound I was charged.,extra_charge_on_statement,request_refund,0.5195164,False,False,request_refund,0.5195164,extra_charge_on_statement,0.29420334,direct_debit_payment_not_recognised,0.042266823
I took out a foreign currency and the exchange rate is wrong.,wrong_exchange_rate_for_cash_withdrawal,card_payment_wrong_exchange_rate,0.52068,False,False,card_payment_wrong_exchange_rate,0.52068,wrong_exchange_rate_for_cash_withdrawal,0.46525598,exchange_rate,0.0048623444
What all currencies can be exchanged?,exchange_via_app,fiat_currency_support,0.53009576,False,False,fiat_currency_support,0.53009576,exchange_via_app,0.29923472,exchange_charge,0.080556646
May I receive a different card pin,change_pin,get_physical_card,0.53262043,False,False,get_physical_card,0.53262043,change_pin,0.16482136,getting_spare_card,0.070090495
How do I know when my card will arrive?,card_arrival,card_delivery_estimate,0.53635013,False,False,card_delivery_estimate,0.53635013,card_arrival,0.40783486,card_about_to_expire,0.0076202303
what is the identity check?,why_verify_identity,verify_my_identity,0.5368549,False,False,verify_my_identity,0.5368549,why_verify_identity,0.40628722,unable_to_verify_identity,0.017002024
Cannot access my top up.,topping_up_by_card,top_up_failed,0.5420252,False,False,top_up_failed,0.5420252,top_up_reverted,0.21070904,pending_top_up,0.15901113
Will you accept my other card?,supported_cards_and_currencies,getting_spare_card,0.5432283,False,False,getting_spare_card,0.5432283,supported_cards_and_currencies,0.30630964,card_acceptance,0.037030026
I used the ATM machine to get money out for Holiday shopping and saw the outrageous charges. Why is that? I would not have used the ATM if I had known!,wrong_exchange_rate_for_cash_withdrawal,cash_withdrawal_charge,0.5449469,False,False,cash_withdrawal_charge,0.5449469,wrong_exchange_rate_for_cash_withdrawal,0.34343094,declined_cash_withdrawal,0.028694319
What is stopping my money from transferring?,failed_transfer,beneficiary_not_allowed,0.54922926,False,False,beneficiary_not_allowed,0.54922926,transfer_fee_charged,0.123154804,failed_transfer,0.08555423
Why does my account not accept cash deposits?,balance_not_updated_after_cheque_or_cash_deposit,declined_cash_withdrawal,0.5523526,False,False,declined_cash_withdrawal,0.5523526,balance_not_updated_after_cheque_or_cash_deposit,0.25087512,pending_cash_withdrawal,0.06614149
I won't verify my identity.,why_verify_identity,unable_to_verify_identity,0.55895257,False,False,unable_to_verify_identity,0.55895257,why_verify_identity,0.35577238,verify_my_identity,0.058311384
How do I deposit my paycheck to this account?,receiving_money,top_up_by_cash_or_cheque,0.5612804,False,False,top_up_by_cash_or_cheque,0.5612804,balance_not_updated_after_cheque_or_cash_deposit,0.34821093,receiving_money,0.02537031
What major card payments are accepted?,visa_or_mastercard,supported_cards_and_currencies,0.5681027,False,False,supported_cards_and_currencies,0.5681027,card_acceptance,0.23255332,visa_or_mastercard,0.045990176
I am waiting for my card to arrive.,card_delivery_estimate,card_arrival,0.57470167,False,False,card_arrival,0.57470167,card_delivery_estimate,0.34575254,pending_card_payment,0.011310842
what is required documents for new card process ?,contactless_not_working,order_physical_card,0.5799499,False,False,order_physical_card,0.5799499,verify_my_identity,0.073232666,contactless_not_working,0.055566
"I transferred money yesterday, but it still isn't available?",pending_transfer,balance_not_updated_after_bank_transfer,0.58324546,False,False,balance_not_updated_after_bank_transfer,0.58324546,transfer_not_received_by_recipient,0.28811157,pending_transfer,0.037416987
I made a transfer and am still waiting.,balance_not_updated_after_bank_transfer,pending_transfer,0.5834505,False,False,pending_transfer,0.5834505,transfer_not_received_by_recipient,0.16299449,balance_not_updated_after_bank_transfer,0.14614151
I transferred some money but it is yet to arrive.,balance_not_updated_after_bank_transfer,transfer_not_received_by_recipient,0.5840426,False,False,transfer_not_received_by_recipient,0.5840426,balance_not_updated_after_bank_transfer,0.26763144,pending_transfer,0.055968903
"I am seeing a weird payment showing up that I know I did not make, how can I get it cancelled?",direct_debit_payment_not_recognised,card_payment_not_recognised,0.58483046,False,False,card_payment_not_recognised,0.58483046,direct_debit_payment_not_recognised,0.24660034,reverted_card_payment?,0.075814664
How much does it cost in fees to use your card?,order_physical_card,card_payment_fee_charged,0.5876589,False,False,card_payment_fee_charged,0.5876589,top_up_by_card_charge,0.23547727,order_physical_card,0.054947883
How do I unblock my card using the app?,card_not_working,pin_blocked,0.5920221,False,False,pin_blocked,0.5920221,card_linking,0.16072546,card_not_working,0.07573332
Can I get a copy of the card by email?,getting_virtual_card,order_physical_card,0.5957646,False,False,order_physical_card,0.5957646,card_arrival,0.13979441,card_linking,0.0680269
Can I top up using an international card,top_up_by_card_charge,supported_cards_and_currencies,0.59705293,False,False,supported_cards_and_currencies,0.59705293,top_up_by_card_charge,0.2898158,country_support,0.039631166
When will my funds transfer?,transfer_not_received_by_recipient,transfer_timing,0.605641,False,False,transfer_timing,0.605641,balance_not_updated_after_bank_transfer,0.16186254,pending_transfer,0.12796849
When I try and to buy something using my card it keeps getting declined.,declined_transfer,declined_card_payment,0.60723627,False,False,declined_card_payment,0.60723627,declined_transfer,0.2217331,card_not_working,0.06944408
Where is the transfer I started?,transfer_not_received_by_recipient,balance_not_updated_after_bank_transfer,0.60858226,False,False,balance_not_updated_after_bank_transfer,0.60858226,transfer_timing,0.11062772,pending_transfer,0.06717686
How long should my new card take to arrive?,card_arrival,card_delivery_estimate,0.61632806,False,False,card_delivery_estimate,0.61632806,card_arrival,0.3177486,card_about_to_expire,0.017730664
my card was not in the mail again can you advise?,card_delivery_estimate,card_arrival,0.617015,False,False,card_arrival,0.617015,lost_or_stolen_card,0.08718187,card_about_to_expire,0.027023604
When can I expect to receive my new card?,card_delivery_estimate,card_arrival,0.62055695,False,False,card_arrival,0.62055695,card_delivery_estimate,0.2793709,card_about_to_expire,0.032397904
"Hi, I would like to file a claim for an inquiry. I am a frequent customer of the company in question and have never had any issue with my purchases, payments, or otherwise. However, the price deducted for an item I purchased a couple of weeks ago has been returned to my checking account. Was there an issue with my payment? The item has already been delivered to me.",reverted_card_payment?,direct_debit_payment_not_recognised,0.6264956,False,False,direct_debit_payment_not_recognised,0.6264956,reverted_card_payment?,0.2936747,request_refund,0.028733596
Is there a transfer fee?,transfer_fee_charged,top_up_by_bank_transfer_charge,0.6269183,False,False,top_up_by_bank_transfer_charge,0.6269183,transfer_fee_charged,0.33331504,exchange_charge,0.018906126
Somebody used my card to make a purchase,card_payment_not_recognised,compromised_card,0.6273729,False,False,compromised_card,0.6273729,card_payment_not_recognised,0.222197,reverted_card_payment?,0.026930489
How long can an EU transfer take?,pending_transfer,transfer_timing,0.6286788,False,False,transfer_timing,0.6286788,pending_transfer,0.26202983,balance_not_updated_after_bank_transfer,0.082010925
Why was my account deducted from a seller when I didn't approve of it?,direct_debit_payment_not_recognised,reverted_card_payment?,0.64096946,False,False,reverted_card_payment?,0.64096946,direct_debit_payment_not_recognised,0.18605423,declined_card_payment,0.020322114
Will you reinstate my PIN?,pin_blocked,change_pin,0.6443411,False,False,change_pin,0.6443411,pin_blocked,0.22660896,get_physical_card,0.039733786
How long until my transfer will be available to me,balance_not_updated_after_bank_transfer,transfer_timing,0.6494232,False,False,transfer_timing,0.6494232,pending_transfer,0.17944208,balance_not_updated_after_bank_transfer,0.1156219
how do i get a virtual card for one time use,get_disposable_virtual_card,getting_virtual_card,0.6495431,False,False,getting_virtual_card,0.6495431,get_disposable_virtual_card,0.25783908,virtual_card_not_working,0.03252408
Someone transferred money to me and it doesn't show,pending_transfer,transfer_not_received_by_recipient,0.6605712,False,False,transfer_not_received_by_recipient,0.6605712,balance_not_updated_after_bank_transfer,0.1921789,cash_withdrawal_not_recognised,0.027102962
How do I freeze my account?,compromised_card,terminate_account,0.6606124,False,False,terminate_account,0.6606124,passcode_forgotten,0.038873374,cancel_transfer,0.036272157
"I requested a refund, and never received it. What can I do?",Refund_not_showing_up,request_refund,0.66169626,False,False,request_refund,0.66169626,Refund_not_showing_up,0.30558845,direct_debit_payment_not_recognised,0.008191147
Am I able to exchange currencies?,fiat_currency_support,exchange_via_app,0.6647837,False,False,exchange_via_app,0.6647837,fiat_currency_support,0.20661642,exchange_charge,0.042108584
transaction failed?,transfer_not_received_by_recipient,failed_transfer,0.6745747,False,False,failed_transfer,0.6745747,card_not_working,0.0789249,beneficiary_not_allowed,0.070647605
Why is my money gone right when I attempted to top up,topping_up_by_card,top_up_reverted,0.6784001,False,False,top_up_reverted,0.6784001,top_up_failed,0.17074262,topping_up_by_card,0.07670836
can I have a non virtual card?,order_physical_card,getting_virtual_card,0.6793391,False,False,getting_virtual_card,0.6793391,virtual_card_not_working,0.13108566,get_disposable_virtual_card,0.09737262
"My top-up showed as complete, but it's no longer there! What's going on here?",top_up_reverted,pending_top_up,0.68155116,False,False,pending_top_up,0.68155116,top_up_reverted,0.26558,top_up_failed,0.024484348
Someone stole my cards!,lost_or_stolen_phone,lost_or_stolen_card,0.6893073,False,False,lost_or_stolen_card,0.6893073,compromised_card,0.13204089,card_swallowed,0.026475986
"My card's frozen, what can I do?",pin_blocked,card_not_working,0.6931716,False,False,card_not_working,0.6931716,lost_or_stolen_card,0.10009291,card_swallowed,0.049636517
I requested a refund from a store but it hasn't arrived.,Refund_not_showing_up,request_refund,0.69576246,False,False,request_refund,0.69576246,Refund_not_showing_up,0.28777984,reverted_card_payment?,0.0043182727
Can I change my currency from USD to EUR?,exchange_via_app,fiat_currency_support,0.69627964,False,False,fiat_currency_support,0.69627964,exchange_via_app,0.18832873,receiving_money,0.020538868
How can I top-up my card?,top_up_by_cash_or_cheque,topping_up_by_card,0.69743097,False,False,topping_up_by_card,0.69743097,top_up_failed,0.08020968,supported_cards_and_currencies,0.05738705
I can't transfer money from my account.,declined_transfer,beneficiary_not_allowed,0.6997605,False,False,beneficiary_not_allowed,0.6997605,failed_transfer,0.09886012,transfer_into_account,0.0811955
My card is being declined for a purchase. I bought items before and the card worked. Do you know what the problem is?,reverted_card_payment?,declined_card_payment,0.7051346,False,False,declined_card_payment,0.7051346,declined_transfer,0.12701502,card_not_working,0.064704746
Is there a fee for exchanging cash?,wrong_exchange_rate_for_cash_withdrawal,exchange_charge,0.70806533,False,False,exchange_charge,0.70806533,cash_withdrawal_charge,0.11445384,top_up_by_bank_transfer_charge,0.054417986
how does a virtual card work,get_disposable_virtual_card,getting_virtual_card,0.7094419,False,False,getting_virtual_card,0.7094419,get_disposable_virtual_card,0.2173378,virtual_card_not_working,0.046190843
Where is the money I pushed it's on my mobile app as being withdrawn.,wrong_amount_of_cash_received,cash_withdrawal_not_recognised,0.7133083,False,False,cash_withdrawal_not_recognised,0.7133083,top_up_reverted,0.053208973,wrong_amount_of_cash_received,0.03126893
When will I get my card?,card_arrival,card_delivery_estimate,0.7135468,False,False,card_delivery_estimate,0.7135468,card_arrival,0.20302045,get_physical_card,0.011896388
what is this charge on my account,direct_debit_payment_not_recognised,extra_charge_on_statement,0.715422,False,False,extra_charge_on_statement,0.715422,direct_debit_payment_not_recognised,0.08797432,card_payment_not_recognised,0.05863095
How do I change currencies to euros?,fiat_currency_support,exchange_via_app,0.7165679,False,False,exchange_via_app,0.7165679,fiat_currency_support,0.16186127,receiving_money,0.03496045
Can I exchange currencies?,fiat_currency_support,exchange_via_app,0.71826214,False,False,exchange_via_app,0.71826214,fiat_currency_support,0.14814419,exchange_charge,0.07104742
"I wasn't charged the correct amount for an item I purchased, how can I fix this?",request_refund,card_payment_wrong_exchange_rate,0.7186421,False,False,card_payment_wrong_exchange_rate,0.7186421,request_refund,0.072652295,extra_charge_on_statement,0.057557445
Can you look to make sure the exchange rate is correct,wrong_exchange_rate_for_cash_withdrawal,card_payment_wrong_exchange_rate,0.72082615,False,False,card_payment_wrong_exchange_rate,0.72082615,exchange_rate,0.13548301,wrong_exchange_rate_for_cash_withdrawal,0.09297839
Are there restrictions for my disposable card since it does not seem to be working?,virtual_card_not_working,disposable_card_limits,0.7259382,False,False,disposable_card_limits,0.7259382,card_not_working,0.10325183,virtual_card_not_working,0.05099971
When will my transfer be available in my account.,balance_not_updated_after_bank_transfer,transfer_timing,0.74192786,False,False,transfer_timing,0.74192786,balance_not_updated_after_bank_transfer,0.13653836,pending_transfer,0.06022956
Can I reactivate my PIN?,pin_blocked,change_pin,0.7429691,False,False,change_pin,0.7429691,pin_blocked,0.17865564,get_physical_card,0.028203933
how do VR cards work,get_disposable_virtual_card,getting_virtual_card,0.7501174,False,False,getting_virtual_card,0.7501174,get_disposable_virtual_card,0.14569028,order_physical_card,0.02536637
The app wouldn't accept my top up.,top_up_reverted,top_up_failed,0.75015175,False,False,top_up_failed,0.75015175,top_up_reverted,0.14344776,topping_up_by_card,0.025748711
What are the fees for top-ups?,top_up_by_bank_transfer_charge,top_up_by_card_charge,0.7616004,False,False,top_up_by_card_charge,0.7616004,top_up_by_bank_transfer_charge,0.17823268,top_up_limits,0.016866712
What should I do to get transactions off of my account if I didn't make them?  My card must have been compromised and I need to freeze it asap!,card_payment_not_recognised,compromised_card,0.7651383,False,False,compromised_card,0.7651383,cash_withdrawal_not_recognised,0.0985051,card_payment_not_recognised,0.045161378
How many virtual cards do I get?,disposable_card_limits,getting_virtual_card,0.77243584,False,False,getting_virtual_card,0.77243584,getting_spare_card,0.115541525,disposable_card_limits,0.07339047
How long does it take for an international transfer into my account?,balance_not_updated_after_bank_transfer,transfer_timing,0.7735109,False,False,transfer_timing,0.7735109,balance_not_updated_after_bank_transfer,0.16474275,pending_transfer,0.027068213
Why was I unable to do a transfer?,declined_transfer,failed_transfer,0.7907758,False,False,failed_transfer,0.7907758,beneficiary_not_allowed,0.16420084,declined_transfer,0.024798349
How do I top up my card?,transfer_into_account,topping_up_by_card,0.8030162,False,False,topping_up_by_card,0.8030162,top_up_failed,0.05464881,supported_cards_and_currencies,0.030759614
How do I do a successful transfer to an account?,beneficiary_not_allowed,transfer_into_account,0.80364174,False,False,transfer_into_account,0.80364174,declined_transfer,0.030316833,failed_transfer,0.02913976
My non-physical card will not work,virtual_card_not_working,card_not_working,0.81801134,False,False,card_not_working,0.81801134,virtual_card_not_working,0.029023565,order_physical_card,0.025326999
My cash withdrawal was partly declined,wrong_amount_of_cash_received,declined_cash_withdrawal,0.82812345,False,False,declined_cash_withdrawal,0.82812345,wrong_amount_of_cash_received,0.06497387,pending_cash_withdrawal,0.043429475
how long dies it take for transfers to reflect on my balance,transfer_timing,balance_not_updated_after_bank_transfer,0.8374787,False,False,balance_not_updated_after_bank_transfer,0.8374787,transfer_timing,0.06195555,pending_transfer,0.049907614
Will declined funds I tried to withdraw be returned to me?,wrong_amount_of_cash_received,declined_cash_withdrawal,0.8448593,False,False,declined_cash_withdrawal,0.8448593,declined_transfer,0.043605957,wrong_amount_of_cash_received,0.017333161
whats your exchange rate,exchange_charge,exchange_rate,0.85285866,False,False,exchange_rate,0.85285866,card_payment_wrong_exchange_rate,0.061305113,wrong_exchange_rate_for_cash_withdrawal,0.04174224
My card is just not working at this time.,virtual_card_not_working,card_not_working,0.8659121,False,False,card_not_working,0.8659121,declined_card_payment,0.03022134,activate_my_card,0.017590644
What do i need to verify my id?,unable_to_verify_identity,verify_my_identity,0.87782997,False,False,verify_my_identity,0.87782997,unable_to_verify_identity,0.077601425,why_verify_identity,0.03135958
How long does a card delivery take?,card_arrival,card_delivery_estimate,0.89107656,False,False,card_delivery_estimate,0.89107656,card_arrival,0.078814976,order_physical_card,0.0059637544
"I was double charged, and the second charge is showing as ""pending"". How long will it be before I get my money back once the second charge has been refunded?",pending_card_payment,transaction_charged_twice,0.9027892,False,False,transaction_charged_twice,0.9027892,Refund_not_showing_up,0.03712722,pending_transfer,0.014053834
"I would like to know why my payment is still pending, can you help?",pending_transfer,pending_card_payment,0.9201328,False,False,pending_card_payment,0.9201328,pending_transfer,0.037668332,pending_cash_withdrawal,0.022856295
What other methods are there to verify my identity?,why_verify_identity,verify_my_identity,0.92048895,False,False,verify_my_identity,0.92048895,unable_to_verify_identity,0.038100537,why_verify_identity,0.032596637
Where can I view my PIN?,pin_blocked,get_physical_card,0.9451338,False,False,get_physical_card,0.9451338,change_pin,0.022950461,pin_blocked,0.018959453
My transfer is pending.,balance_not_updated_after_bank_transfer,pending_transfer,0.9618455,False,False,pending_transfer,0.9618455,declined_transfer,0.00647805,transfer_not_received_by_recipient,0.006421731
What can I use a virtual disposable card for?,disposable_card_limits,get_disposable_virtual_card,0.96248496,False,False,get_disposable_virtual_card,0.96248496,disposable_card_limits,0.029619776,virtual_card_not_working,0.005377274
Where do I find the exchange rate?,exchange_charge,exchange_rate,0.9639307,False,False,exchange_rate,0.9639307,exchange_charge,0.010185735,card_payment_wrong_exchange_rate,0.009743956
how many transactions can i make with a disposable card,get_disposable_virtual_card,disposable_card_limits,0.9843785,False,False,disposable_card_limits,0.9843785,top_up_limits,0.004086161,getting_spare_card,0.003094632
